God,Realm,Rank,Unique Bonuses,Emblem Reward,Favor Reward,Game Ticket Reward,Knowledge Reward,Resources Reward,Treasure Reward,Spawn Dumpling,Spawn Nemesis,Spawn Treasure Golem,Buff Realm Boost,Debuff Realm Boost,Minion Realm Boost,Stat Decrease Realm Boost,Stat Increase Realm Boost,Damage Enemies,Next Battle Bonus,Spell Gem Effect,Faster Quest Completion,Reveal Area,Generic Bonuses,Breakable Object Count,Dumpling Flee Chance,Dumpling Chance,Emblem Spawn Count,Nemesis Creature Count,Pandemonium Shrine Chance,Pre-Reveal God Altar,Pre-Reveal Teleportation Shrine,Resources from Battles,Resources from Resource Nodes,Resource Node Count,Treasure from All Sources,Treasure Chest Count,Treasure Golem Flee Chance,Treasure Golem Chance,Increased View Distance
"4080, God of Science",Forgotten Lab,100,,1.4,750,-,5,-,4,-,-,15%,3,5,3,3,10,3,-,10,-,-,,5,-100%,250%,2,2,100%,X,X,75%,160%,4,150%,3,-100%,250%,3
"Aeolian, God of Wind",Unsullied Meadows,100,,1.25,635,-,-,-,20,-,-,-,5,5,-,5,10,-,20,3,2,-,,5,-100%,250%,2,2,100%,X,X,75%,160%,4,150%,3,-100%,250%,3
"Alexandria, God of Falsity",Damarel,100,,1.25,1075,-,-,7.5,9,10%,-,-,5,-,-,4,16,3,2,-,-,3,,5,-100%,250%,2,2,100%,X,X,75%,160%,4,150%,3,-100%,250%,3
"Anneltha, Goddess of Earth",Forbidden Depths,100,,1.2,830,-,-,4,6.8,-,-,10%,5,2.2,-,6,3,-,2,-,-,-,,5,-100%,250%,2,2,100%,X,X,75%,160%,4,150%,3,-100%,250%,3
"Apocranox, God of the Hunt",Blood Grove,100,,2.1,600,-,-,14.75,11.5,-,-,-,4,4.3,-,-,-,8,7,-,-,-,,5,-100%,250%,2,2,100%,X,X,75%,160%,4,150%,3,-100%,250%,3
"Ariamaki, God of Balance",Land of Breath and Balance,100,,1.25,645,-,-,4.5,9.5,-,-,-,5,5,-,3,16,-,-,-,-,3,,5,-100%,250%,2,2,100%,X,X,75%,160%,4,150%,3,-100%,250%,3
"Aurum, God of Vanity",Temple of Lies,100,,2.15,675,-,-,-,19,-,-,-,5,-,-,-,2,-,3,16,2,-,,5,-100%,250%,2,2,100%,X,X,75%,160%,4,150%,3,-100%,250%,3
"Azural, God of Frost",Frostbite Caverns,100,,2,600,-,-,-,22,-,-,-,3,2,-,21,3,-,5,-,-,-,,5,-100%,250%,2,2,100%,X,X,75%,160%,4,150%,3,-100%,250%,3
"Erebyss, Goddess of Darkness",Path of the Damned,100,,1.75,450,-,-,15,16.75,-,-,-,3,2,2,2,8,3,2,2,-,-,,5,-100%,250%,2,2,100%,X,X,75%,160%,4,150%,3,-100%,250%,3
"Friden, God of the Sea",Where the Dead Ships Dwell,100,,4.1,485,-,-,18.5,24.5,-,-,-,5,5,-,10,-,-,-,-,2,-,,5,-100%,250%,2,2,100%,X,X,75%,160%,4,150%,3,-100%,250%,3
"Genaros, God of Strife",Overgrown Temple,100,,3.45,675,-,-,3,15,-,-,-,3,3,1,8,8,5,3,-,-,-,,5,-100%,250%,2,2,100%,X,X,75%,160%,4,150%,3,-100%,250%,3
"Gonfurian, God of War",Kingdom of Heretics,100,,2,300,-,15,-,12.5,-,-,-,5,3,-,3,27,-,9,-,-,-,,5,-100%,250%,2,2,100%,X,X,75%,160%,4,150%,3,-100%,250%,3
"Lister, God of Fortune",Faraway Enclave,100,,2.65,750,-,-,8,6.5,-,-,-,3,3,-,5,6,3,10,3,-,-,,5,-100%,250%,2,2,100%,X,X,75%,160%,4,150%,3,-100%,250%,3
"Meraxis, God of Bliss",The Swamplands,100,,1.9,635,-,-,-,17.5,-,-,25%,5,2,-,2,4,-,4,5,-,-,,5,-100%,250%,2,2,100%,X,X,75%,160%,4,150%,3,-100%,250%,3
"Mortem, God of Blood",Titan's Wound,100,,2.8,600,-,-,-,13,-,-,-,5,3,2,23,8,-,3,-,2,-,,5,-100%,250%,2,2,100%,X,X,75%,160%,4,150%,3,-100%,250%,3
"Muse, Goddess of Creation",Astral Gallery,100,,2,900,-,-,-,18,-,-,-,5,5,-,-,-,-,9,-,4,-,,5,-100%,250%,2,2,100%,X,X,75%,160%,4,150%,3,-100%,250%,3
"Perdition, God of Extinction",Sanctum Umbra,100,,2,735,-,-,8,4,-,-,-,5,5,5,9,8,8,2,-,-,-,,5,-100%,250%,2,2,100%,X,X,75%,160%,4,150%,3,-100%,250%,3
"Reclusa, Goddess of Uncertainty",Gambler's Hive,100,,0.7,750,4,-,2,21,-,-,-,5,5,5,-,10,2,2,-,-,-,,5,-100%,250%,2,2,100%,X,X,75%,160%,4,150%,3,-100%,250%,3
"Regalis, Goddess of Poison",Arachnid Nest,100,,2.85,485,-,15,-,5.5,30%,3,15%,5,5,-,-,11,3,8,-,-,-,,5,-100%,250%,2,2,100%,X,X,75%,160%,4,150%,3,-100%,250%,3
"Shallan, Goddess of Prophecy",Fae Lands,100,,3.2,950,-,-,-,9.5,-,-,25%,4,-,4,21,5,-,4,5,2,-,,5,-100%,250%,2,2,100%,X,X,75%,160%,4,150%,3,-100%,250%,3
"Surathli, Goddess of Light",Azure Dream,100,,1,987.5,-,-,16,10,-,-,-,5,-,-,-,15,-,2,5,-,-,,5,-100%,250%,2,2,100%,X,X,75%,160%,4,150%,3,-100%,250%,3
"T'Mere M'rgo, God of Fusion",Amalgam Gardens,100,,1.7,700,-,4,4,12,-,2,-,4,4,-,-,8,4,14,-,-,-,,5,-100%,250%,2,2,100%,X,X,75%,160%,4,150%,3,-100%,250%,3
"Tartarith, God of Punishment",Torture Chamber,100,,4,285,-,25,-,14.5,10%,-,-,3,3,-,11,5,-,10,-,-,-,,5,-100%,250%,2,2,100%,X,X,75%,160%,4,150%,3,-100%,250%,3
"Tenebris, God of Shadow",Bastion of the Void,100,,2.65,700,-,-,-,17.5,-,-,-,5,5,-,20,2,-,5,-,-,-,,5,-100%,250%,2,2,100%,X,X,75%,160%,4,150%,3,-100%,250%,3
"Torun, God of Anger",Cutthroat Jungle,100,,4.55,635,-,-,3.75,7.5,-,-,-,4.3,4.3,-,5,13,3,5,-,-,-,,5,-100%,250%,2,2,100%,X,X,75%,160%,4,150%,3,-100%,250%,3
"Venedon, God of Discord",Caustic Reactor,100,,2.65,550,-,10,-,15.5,-,-,20%,5,5,3,8,8,-,5,-,-,-,,5,-100%,250%,2,2,100%,X,X,75%,160%,4,150%,3,-100%,250%,3
"Vertraag, God of Time",Eternity's End,100,,2,850,-,-,2,8,-,-,-,4,2,-,2,2,-,15,-,-,-,,5,-100%,250%,2,2,100%,X,X,75%,160%,4,150%,3,-100%,250%,3
"Vulcanar, God of Fire",Great Pandemonium,100,,2,385,-,-,15,4,-,2,-,3,5,-,5,8,3,8,-,-,-,,5,-100%,250%,2,2,100%,X,X,75%,160%,4,150%,3,-100%,250%,3
"Yseros, Goddess of Illusion",The Barrens,100,,2.85,700,-,-,8,28,-,-,-,3,3,-,3,3,8,3,-,-,-,,5,-100%,250%,2,2,100%,X,X,75%,160%,4,150%,3,-100%,250%,3
"Zonte, God of Wisdom",Refuge of the Magi,100,,1,750,-,-,2.5,6.5,-,-,-,5,5,2,-,2,5,2,8,-,8,,5,-100%,250%,2,2,100%,X,X,75%,160%,4,150%,3,-100%,250%,3