Favor rank,Effect,Favor needed,Total Favor
1,Realm Blessing,500,500
2,+5% Resources From Battles,550,1050
3,Realm Blessing,600,1650
4,+10% Treasure From All Sources,650,2300
5,Realm Blessing,700,3000
6,+50% Treasure Golem Spawn Chance,750,3750
7,Realm Blessing,800,4550
8,Increased View Distance,850,5400
9,Teleportation Shrine is Pre-Revealed at Start of Realm,900,6300
10,Realm Blessing,950,7250
11,+1 Emblems Spawn,1000,8250
12,+50% Dumpling Spawn Chance,1050,9300
13,+1 Treasure Chests Spawn,1100,10400
14,+1 Resource Nodes Spawn,1150,11550
15,Realm Blessing,1200,12750
16,God Altar is Pre-Revealed at Start of Realm,1250,14000
17,+1 Breakable Objects Spawn,1300,15300
18,+10% Treasure From All Sources,1350,16650
19,+5% Resources From Battles,1400,18050
20,Realm Blessing,1450,19500
21,+50% Treasure Golem Spawn Chance,1500,21000
22,+1 Treasure Chests Spawn,1550,22550
23,+1 Resource Nodes Spawn,1600,24150
24,+1 Emblems Spawn,1650,25800
25,Realm Blessing,1700,27500
26,-50% Chance For Dumplings to Flee,1750,29250
27,+50% Dumpling Spawn Chance,1800,31050
28,+1 Treasure Chests Spawn,1850,32900
29,+5% Resources From Battles,1900,34800
30,Realm Blessing,1950,36750
31,Increased View Distance,2000,38750
32,-50% Chance For Treasure Golems to Flee,2050,40800
33,+1 Nemesis Creatures Spawn,2100,42900
34,+1 Resource Nodes Spawn,2150,45050
35,Realm Blessing,2200,47250
36,+1 Breakable Objects Spawn,2250,49500
37,+10% Treasure From All Sources,2300,51800
38,+50% Treasure Golem Spawn Chance,2350,54150
39,+1 Resource Nodes Spawn,2400,56550
40,Realm Blessing,2450,59000
41,+1 Breakable Objects Spawn,2500,61500
42,+100% Pandemonium Shrine Spawn Chance,2550,64050
43,+10% Treasure From All Sources,2600,66650
44,+5% Resources From Battles,2650,69300
45,Realm Blessing,2700,72000
46,+10% Resources From Resource Nodes,2750,74750
47,+50% Dumpling Spawn Chance,2800,77550
48,+1 Breakable Objects Spawn,2850,80400
49,+10% Treasure From All Sources,2900,83300
50,Realm Blessing,2950,86250
51,+5% Resources From Battles,3000,89250
52,+1 Nemesis Creatures Spawn,3050,92300
53,+10% Resources From Resource Nodes,3100,95400
54,+10% Treasure From All Sources,3150,98550
55,Increased View Distance,3200,101750
56,Dumplings Never Flee,3250,105000
57,+1 Breakable Objects Spawn,3300,108300
58,+10% Treasure From All Sources,3350,111650
59,+5% Resources From Battles,3400,115050
60,Realm Blessing,3450,118500
61,+10% Resources From Resource Nodes,3500,122000
62,+10% Treasure From All Sources,3550,125550
63,+5% Resources From Battles,3600,129150
64,+10% Resources From Resource Nodes,3650,132800
65,+50% Treasure Golem Spawn Chance,3700,136500
66,Treasure Golems Never Flee,3750,140250
67,+10% Treasure From All Sources,3800,144050
68,+10% Resources From Resource Nodes,3850,147900
69,+5% Resources From Battles,3900,151800
70,Realm Blessing,3950,155750
71,+10% Treasure From All Sources,4000,159750
72,+10% Resources From Resource Nodes,4050,163800
73,+5% Resources From Battles,4100,167900
74,+10% Resources From Resource Nodes,4150,172050
75,+10% Resources From Resource Nodes,4200,176250
76,+50% Dumpling Spawn Chance,4250,180500
77,+10% Resources From Resource Nodes,4300,184800
78,+10% Treasure From All Sources,4350,189150
79,+5% Resources From Battles,4400,193550
80,Realm Blessing,4450,198000
81,+10% Resources From Resource Nodes,4500,202500
82,+10% Treasure From All Sources,4550,207050
83,+10% Resources From Resource Nodes,4600,211650
84,+5% Resources From Battles,4650,216300
85,+50% Treasure Golem Spawn Chance,4700,221000
86,+10% Resources From Resource Nodes,4750,225750
87,+10% Treasure From All Sources,4800,230550
88,+5% Resources From Battles,4850,235400
89,+10% Resources From Resource Nodes,4900,240300
90,Realm Blessing,4950,245250
91,+10% Resources From Resource Nodes,5000,250250
92,+10% Treasure From All Sources,5050,255300
93,+5% Resources From Battles,5100,260400
94,+50% Dumpling Spawn Chance,5150,265550
95,+10% Resources From Resource Nodes,5200,270750
96,+10% Treasure From All Sources,5250,276000
97,+5% Resources From Battles,5300,281300
98,+10% Resources From Resource Nodes,5350,286650
99,+5% Resources From Battles,5400,292050
100,Realm Blessing,5450,297500